query	clicks	impressions	ctr_pct	avg_position
maysl	188	1196	15.7	2.7
mountain area youth soccer	111	136	81.6	1.1
mountain area youth soccer league	86	98	87.8	1.0
mountain soccer	13	121	10.7	9.9
youth soccer leagues near me	13	14	92.9	3.0
youth soccer near me	10	14	71.4	2.9
mountain soccer club	4	46	8.7	17.3
mountain top youth soccer	4	6	66.7	10.7
oakhurst soccer	4	55	7.3	6.7
mountain soccer league	3	7	42.9	3.7
mysl soccer	3	50	6.0	20.9
mountain league soccer	2	8	25.0	4.0
soccer leagues for kids near me	2	6	33.3	2.0
find their website	1	1	100.0	1.0
little soccer league	1	3	33.3	63.3
mysl soccer schedule	1	31	3.2	23.3
soccer leage	1	1	100.0	4.0
soccer leagues	1	2	50.0	7.5
soccer leagues near me	1	3	33.3	5.0
soccer near me	1	2	50.0	1.5
soccer near me for kids	1	1	100.0	1.0
soccer sign ups near me	1	2	50.0	6.5
soccer sign ups near me for kids	1	2	50.0	1.0
travel soccer near me	1	1	100.0	1.0
under 6 soccer near me	1	1	100.0	1.0
youth soccer teams near me	1	2	50.0	1.5
youth soccor near me	1	1	100.0	2.0
"in pool play, teams can play shortened games of" "minute halves" uil soccer	0	4	0.0	11.8
12u soccer field dimensions	0	1	0.0	2.0
1x2 | full time 1	0	1	0.0	1.0
40u football	0	1	0.0	1.0
6 u	0	2	0.0	1.0
6 yard line soccer	0	2	0.0	2.0
7v7 soccer	0	1	0.0	1.0
9v9 game length	0	13	0.0	12.7
9v9 offside rule	0	1	0.0	75.0
9v9 soccer game length	0	3	0.0	12.3
9v9 soccer half length	0	2	0.0	6.5
a for adley	0	1	0.0	4.0
a for adley .com	0	1	0.0	2.0
a for adley birthday	0	1	0.0	3.0
a for adley fun videos on youtube	0	1	0.0	9.0
a for adley house location pirate island	0	1	0.0	4.0
a for adley.com	0	1	0.0	5.0
a. for. adley	0	1	0.0	3.0
adley	0	1	0.0	6.0
adley age 2026	0	1	0.0	1.0
adley mcbride	0	1	0.0	3.0
adley's birthday	0	1	0.0	2.0
adult rec soccer leagues near me	0	1	0.0	6.0
adult soccer leagues near me	0	2	0.0	2.0
almaden valley soccer	0	2	0.0	65.0
alum rock youth soccer league	0	14	0.0	66.6
anaheim hills soccer	0	1	0.0	85.0
anaheim youth soccer	0	1	0.0	63.0
anaheim youth soccer league	0	4	0.0	88.2
apple valley soccer league	0	2	0.0	55.0
apple valley youth soccer	0	2	0.0	48.5
are rolling substitutions allowed in mini-soccer?	0	1	0.0	47.0
are there offsides in u11 football	0	1	0.0	1.0
are there soccer games on today	0	1	0.0	6.0
area youth	0	1	0.0	10.0
bakersfield soccer league youth	0	1	0.0	44.0
barbers hill youth soccer club	0	1	0.0	60.0
barstow youth soccer	0	8	0.0	66.8
best soccer coach near me?	0	1	0.0	8.0
bhysl soccer	0	1	0.0	43.0
bmysl	0	3	0.0	40.0
born in 2016	0	1	0.0	2.0
brewster park apple valley	0	1	0.0	63.0
build out line	0	4	0.0	67.2
build up line	0	1	0.0	75.0
california soccer league schedule	0	2	0.0	60.5
california soccer youth league	0	3	0.0	62.7
california youth soccer	0	1	0.0	94.0
california youth soccer league	0	7	0.0	51.9
california youth soccer league santa ana	0	5	0.0	50.2
california youth soccer league schedule	0	9	0.0	56.1
can i play soccer	0	2	0.0	1.5
can i still play soccer	0	2	0.0	1.5
carstairs minor soccer	0	1	0.0	16.0
cass schedule	0	1	0.0	1.0
chico youth soccer	0	1	0.0	60.0
chico youth soccer league	0	8	0.0	45.1
chowchilla soccer	0	2	0.0	57.0
cmysl soccer	0	1	0.0	16.0
coach	0	1	0.0	1.0
coach registration	0	30	0.0	9.7
coed adult soccer leagues near me	0	1	0.0	1.0
concussion recognition tool 6	0	1	0.0	45.0
cysa clovis	0	2	0.0	32.0
cysa district 7	0	12	0.0	7.5
cysa north	0	17	0.0	70.4
cysa soccer league	0	1	0.0	93.0
cysl chico	0	1	0.0	47.0
derek bogardus	0	1	0.0	20.0
direct vs indirect penalty soccer	0	1	0.0	10.0
do u10 play offside	0	5	0.0	9.6
do u11 play offside	0	9	0.0	1.0
double chance full time (12)	0	1	0.0	1.0
dsal soccer	0	1	0.0	48.0
dunnville youth soccer	0	1	0.0	51.0
eagle mountain soccer association, youth organization	0	9	0.0	84.0
emsa soccer schedule	0	1	0.0	57.0
emys soccer	0	1	0.0	30.0
enchanted mountain soccer	0	2	0.0	15.0
enchanted mountain soccer club	0	1	0.0	11.0
fa under 12 football rules	0	1	0.0	1.0
fa under 12 football rules pdf	0	1	0.0	6.0
farmington nm soccer registration	0	1	0.0	84.0
faw u12 rules	0	1	0.0	5.0
fc milpitas	0	1	0.0	66.0
field soccer near me	0	2	0.0	3.0
fifa laws of the game field dimensions	0	2	0.0	2.0
fifa laws of the game pdf	0	1	0.0	3.0
fifa red card suspension	0	1	0.0	1.0
fifa rule book	0	1	0.0	4.0
fifa rules abandoned game	0	1	0.0	85.0
fifa rules and regulations	0	1	0.0	1.0
football rules for kids	0	4	0.0	1.0
for soccer	0	1	0.0	10.0
for u12	0	1	0.0	2.0
game length	0	1	0.0	13.0
gbysl schedule	0	1	0.0	18.0
gilroy soccer league	0	1	0.0	57.0
girls soccer	0	2	0.0	1.0
girls u14	0	1	0.0	1.0
golden sierra soccer	0	3	0.0	47.7
gotsport background check	0	35	0.0	9.8
guest players	0	1	0.0	44.0
handicap 1 meaning soccer	0	1	0.0	1.0
handicap 1(-2) meaning	0	1	0.0	1.0
hayward soccer league	0	21	0.0	70.0
hayward youth soccer	0	14	0.0	73.6
hayward youth soccer league	0	28	0.0	63.6
hdysl	0	3	0.0	37.7
hdysl soccer	0	11	0.0	37.2
high desert youth soccer	0	4	0.0	80.0
high desert youth soccer league	0	13	0.0	48.2
high desert youth soccer league, soccer field, apple valley	0	2	0.0	94.0
high kick soccer fifa rules	0	1	0.0	90.0
how long are halves in u13 soccer	0	4	0.0	13.0
how long are modified soccer games	0	2	0.0	12.0
how long are u12 soccer halves	0	1	0.0	12.0
how long are u13 soccer halves	0	9	0.0	12.9
how long is a modified soccer game	0	1	0.0	1.0
how long is a u15 soccer game	0	1	0.0	13.0
how old do you have to be to play soccer	0	1	0.0	1.0
how old is a for adley 2026	0	1	0.0	1.0
how old is a for adley in 2026	0	10	0.0	1.0
how old is a for adley now in 2026	0	1	0.0	1.0
how old is adley in 2026	0	10	0.0	1.3
how old is adley mcbride now	0	1	0.0	3.0
how old is navey from a for adley	0	1	0.0	3.0
how old is she 2026	0	1	0.0	2.0
how to complete a league training match	0	1	0.0	1.0
how to play a friend in madden mobile	0	1	0.0	1.0
humboldt youth soccer league	0	21	0.0	54.7
hysl soccer	0	7	0.0	49.7
if a manager score a goal does it count	0	1	0.0	1.0
imperial valley soccer	0	2	0.0	70.5
imperial valley soccer league	0	1	0.0	82.0
irvine soccer league youth	0	1	0.0	100.0
irvine youth soccer league	0	16	0.0	78.2
is soccer in halves or quarters	0	1	0.0	83.0
is there offside in u11 football	0	5	0.0	1.0
is there offsides in u11 football	0	2	0.0	1.0
isl soccer rules	0	1	0.0	79.0
islandphotography.net	0	5	0.0	9.8
joel greathouse	0	3	0.0	38.7
junior soccer	0	1	0.0	1.0
kids football rules	0	1	0.0	1.0
kids soccer leagues near me	0	2	0.0	12.0
kids sports near me	0	1	0.0	10.0
kids spring soccer near me	0	1	0.0	11.0
konocti youth soccer league	0	5	0.0	39.0
kysl soccer	0	1	0.0	59.0
la plata youth soccer association	0	20	0.0	74.3
la puente soccer league	0	2	0.0	70.5
lassen youth soccer	0	7	0.0	69.6
laurelhurst soccer club	0	13	0.0	64.7
law 11 soccer	0	1	0.0	78.0
laws of the game	0	1	0.0	89.0
laws of the game football	0	1	0.0	4.0
league soccer near me	0	1	0.0	4.0
leagues for soccer	0	1	0.0	3.0
lemoore indoor soccer 2025	0	1	0.0	40.0
liberty ranchos youth soccer league	0	1	0.0	42.0
lijsl schedules	0	1	0.0	1.0
little league soccer rules	0	1	0.0	1.0
lmya soccer	0	1	0.0	43.0
local guide program	0	8	0.0	1.0
maasl	0	13	0.0	6.2
macomb recreational soccer league	0	1	0.0	64.0
mad river soccer	0	11	0.0	63.6
mad river soccer league	0	6	0.0	43.0
mad river youth soccer	0	10	0.0	41.6
mad river youth soccer league	0	22	0.0	38.3
madera soccer	0	2	0.0	65.5
madera soccer league	0	20	0.0	61.1
madera youth soccer	0	14	0.0	53.6
madera youth soccer league	0	32	0.0	44.1
major league soccer game length	0	1	0.0	88.0
manchester angels youth soccer league	0	14	0.0	27.4
manheim township soccer club	0	2	0.0	46.0
manteca area soccer league	0	39	0.0	41.8
manteca area soccer league registration	0	1	0.0	56.0
masaya soccer league	0	12	0.0	46.0
masaya sport	0	1	0.0	57.0
masaya sports	0	2	0.0	81.0
masl rules	0	17	0.0	51.1
masl soccer rules	0	1	0.0	38.0
mason county soccer league	0	1	0.0	38.0
match length	0	1	0.0	5.0
may rules	0	1	0.0	47.0
may sl	0	19	0.0	7.9
maya soccer	0	3	0.0	4.7
mayes county soccer	0	12	0.0	66.2
mayes county soccer club	0	1	0.0	19.0
mayo soccer league youth	0	1	0.0	7.0
mayo youth soccer	0	1	0.0	90.0
mays soccer	0	36	0.0	27.0
maysa fall 2025 schedule	0	2	0.0	54.5
maysa referee	0	1	0.0	36.0
maysl_maysl	0	65	0.0	6.9
mcallen youth soccer association	0	2	0.0	67.5
mcl soccer	0	1	0.0	4.0
mcsl soccer	0	10	0.0	39.8
mcswain soccer	0	1	0.0	42.0
mcswain soccer league	0	5	0.0	36.6
mcysc	0	14	0.0	6.9
mdsa soccer	0	6	0.0	39.7
mehsl	0	1	0.0	5.0
mesa verde soccer	0	6	0.0	74.8
mesa verde soccer league	0	2	0.0	44.5
mesa verde youth soccer league	0	5	0.0	55.2
mesilla valley soccer league	0	1	0.0	65.0
mh soccer	0	1	0.0	11.0
mhs football score tonight	0	1	0.0	1.0
mhusc	0	3	0.0	8.3
mhysl	0	3	0.0	51.0
mid county soccer	0	6	0.0	59.7
mid county youth soccer	0	2	0.0	55.0
mid michigan youth soccer league	0	1	0.0	69.0
middle school soccer near me	0	1	0.0	1.0
middle school soccer schedule	0	1	0.0	2.0
middle school sports schedule	0	1	0.0	1.0
middlesex soccer league	0	1	0.0	63.0
middlesex youth soccer league	0	1	0.0	57.0
miller creek soccer league	0	6	0.0	49.5
milpitas soccer	0	7	0.0	65.3
milpitas soccer league	0	11	0.0	52.6
milpitas youth soccer	0	4	0.0	46.2
milpitas youth soccer league	0	24	0.0	48.0
mini soccer league	0	1	0.0	7.0
minor soccer league	0	1	0.0	44.0
misa soccer	0	1	0.0	51.0
mission youth soccer league	0	3	0.0	51.7
mixed-gender recreational soccer league southern us mature adults joint champions fall season	0	4	0.0	11.8
mj soccer	0	1	0.0	1.0
mls half length	0	2	0.0	38.5
mlysl	0	6	0.0	39.3
mmsl registration	0	3	0.0	26.0
mmysl	0	8	0.0	35.5
mmysl soccer	0	1	0.0	27.0
modesto soccer league	0	11	0.0	71.4
modesto youth soccer	0	18	0.0	60.1
modesto youth soccer association	0	3	0.0	45.3
modesto youth soccer schedule	0	1	0.0	49.0
modified soccer games	0	1	0.0	101.0
monterey county soccer league	0	12	0.0	67.1
monterey peninsula soccer league	0	6	0.0	45.8
monterey soccer league	0	1	0.0	80.0
monterey youth soccer	0	4	0.0	81.0
more staff	0	1	0.0	3.0
moss bluff soccer	0	1	0.0	59.0
motherlode youth soccer league	0	2	0.0	37.0
mount diablo soccer	0	8	0.0	44.8
mount forest soccer	0	1	0.0	19.0
mount pearl soccer	0	1	0.0	55.0
mount soccer	0	1	0.0	5.0
mountain area youth organization	0	4	0.0	6.8
mountain club soccer	0	7	0.0	27.9
mountain house soccer	0	5	0.0	59.0
mountain house soccer league	0	1	0.0	16.0
mountain house youth soccer league	0	5	0.0	32.0
mountain league	0	29	0.0	27.2
mountains+soccer	0	1	0.0	1.0
mountaintop soccer	0	1	0.0	16.0
mrl soccer	0	2	0.0	79.5
mrysl	0	1	0.0	24.0
msa soccer	0	1	0.0	4.0
msa soccer league	0	1	0.0	11.0
msa soccer schedule	0	1	0.0	35.0
msal soccer	0	2	0.0	28.5
mscr youth soccer	0	2	0.0	46.5
msl rialto soccer league	0	1	0.0	72.0
msm soccer	0	2	0.0	67.5
mssl soccer	0	1	0.0	83.0
msys soccer	0	1	0.0	51.0
msysl	0	7	0.0	11.6
mt diablo soccer	0	12	0.0	52.6
mt soccer	0	14	0.0	34.4
mtp soccer	0	1	0.0	12.0
mtp soccer club	0	1	0.0	12.0
municipal soccer league	0	1	0.0	1.0
murrieta soccer league	0	1	0.0	53.0
murrieta youth soccer	0	6	0.0	84.0
murrieta youth soccer league	0	22	0.0	54.2
musl soccer league	0	2	0.0	65.5
muslim youth soccer league	0	1	0.0	76.0
my club oakhurst	0	5	0.0	30.0
myrsl	0	10	0.0	8.2
mysa modesto soccer	0	3	0.0	85.0
mysa referee	0	3	0.0	75.3
mysa soccer rules	0	1	0.0	46.0
mysl	0	16	0.0	43.6
mysl fall 2025	0	4	0.0	33.0
mysl fall 2025 schedule	0	1	0.0	37.0
mysl fall 2026 schedule	0	2	0.0	9.5
mysl league	0	3	0.0	6.0
mysl registration	0	7	0.0	34.6
mysl rules	0	4	0.0	24.2
mysl schedule	0	26	0.0	28.4
mysl soccer league	0	17	0.0	28.4
mysl spring	0	3	0.0	33.3
mysl spring 2025	0	1	0.0	52.0
mysl spring 2025 schedule	0	1	0.0	31.0
mysl spring 2026	0	1	0.0	32.0
mysl spring 2026 schedule	0	3	0.0	18.7
nll season length	0	1	0.0	1.0
non competitive soccer near me	0	1	0.0	2.0
north yosemite league	0	6	0.0	18.2
nvysl soccer schedule	0	1	0.0	40.0
nwsl substitution rules	0	1	0.0	1.0
oakhurst girls	0	1	0.0	27.0
oakhurst little league	0	1	0.0	8.0
oakhurst soccer club	0	6	0.0	5.8
oci oakhurst	0	2	0.0	17.0
offsides in soccer	0	1	0.0	2.0
offsides in youth soccer	0	1	0.0	1.0
offsides on a direct kick	0	1	0.0	47.0
orange youth soccer league standings	0	1	0.0	5.0
orcutt soccer	0	1	0.0	48.0
orcutt soccer league	0	2	0.0	69.0
orcutt youth soccer	0	11	0.0	56.8
orcutt youth soccer league	0	4	0.0	47.2
oxnard youth soccer league schedule	0	2	0.0	48.0
oysl soccer league	0	1	0.0	1.0
palmdale soccer league	0	4	0.0	73.8
palmdale youth soccer league	0	13	0.0	71.3
palo cedro soccer	0	7	0.0	80.0
palo cedro youth soccer	0	8	0.0	66.5
petaluma soccer league	0	2	0.0	52.5
petaluma youth soccer league	0	21	0.0	60.2
placer hills youth soccer	0	3	0.0	68.3
placer hills youth soccer club	0	1	0.0	40.0
plumpton oakhurst soccer club	0	1	0.0	20.0
pmysl	0	1	0.0	69.0
power soccer near me	0	1	0.0	6.0
practice days	0	1	0.0	1.0
pro registration	0	1	0.0	1.0
pug g game	0	1	0.0	43.0
pugg game	0	1	0.0	64.0
rdysl 2025 schedule	0	1	0.0	25.0
rdysl schedule	0	1	0.0	20.0
rec soccer leagues near me	0	1	0.0	1.0
rec soccer near me	0	3	0.0	7.0
ref coordinator	0	2	0.0	27.0
ref uniform soccer	0	2	0.0	86.5
referee red card himself	0	1	0.0	1.0
register for course	0	1	0.0	6.0
register my coach	0	1	0.0	12.0
registration steps	0	1	0.0	3.0
request for live scan service form	0	1	0.0	10.0
rms soccer	0	1	0.0	1.0
rsa soccer	0	1	0.0	12.0
rules	0	1	0.0	14.0
rules for throw in soccer	0	1	0.0	97.0
rules for u12 football	0	1	0.0	1.0
rules of youth soccer	0	1	0.0	1.0
rules?	0	1	0.0	2.0
ryan magers	0	11	0.0	39.8
sachem youth soccer league	0	1	0.0	38.0
san jose youth soccer league	0	4	0.0	92.0
san leandro soccer league	0	1	0.0	58.0
san rafael soccer	0	6	0.0	75.7
san rafael youth soccer	0	4	0.0	76.5
san rafael youth soccer league	0	8	0.0	77.8
san tan youth soccer association	0	1	0.0	45.0
sanger soccer league	0	1	0.0	39.0
sanger youth soccer	0	1	0.0	39.0
sanger youth soccer league	0	16	0.0	36.0
santa ana soccer league	0	1	0.0	42.0
santa ana youth soccer league	0	1	0.0	71.0
santa ana youth soccer league schedule	0	1	0.0	62.0
santa margarita soccer	0	4	0.0	70.8
santa maria soccer	0	1	0.0	99.0
santa maria soccer league	0	4	0.0	84.2
santa maria youth soccer	0	5	0.0	70.2
school team	0	1	0.0	3.0
select soccer	0	1	0.0	5.0
selma soccer	0	5	0.0	73.0
selma youth soccer league	0	13	0.0	44.5
sfa game today	0	3	0.0	2.0
shoes for kickball	0	1	0.0	1.0
sierra gold soccer	0	4	0.0	67.0
sierra mountain little league	0	1	0.0	7.0
sierra soccer league	0	1	0.0	64.0
sierra valley local soccer association	0	2	0.0	3.5
signal mountain soccer league	0	2	0.0	31.0
simple soccer rules for kids	0	1	0.0	1.0
slime soccer rules	0	1	0.0	59.0
slysa divisions	0	1	0.0	3.0
small sided soccer games	0	1	0.0	6.0
smsl soccer	0	1	0.0	69.0
soccer	0	6	0.0	2.5
soccer age calculator	0	3	0.0	19.7
soccer age group chart	0	1	0.0	2.0
soccer age groups	0	2	0.0	1.0
soccer clubs near me	0	1	0.0	2.0
soccer d1	0	1	0.0	1.0
soccer fall	0	1	0.0	1.0
soccer for kids	0	3	0.0	2.0
soccer for kids near me	0	1	0.0	2.0
soccer for youth near me	0	1	0.0	1.0
soccer game length	0	1	0.0	89.0
soccer game length by age	0	278	0.0	6.8
soccer game lengths	0	1	0.0	76.0
soccer games in may	0	5	0.0	66.4
soccer games june 28	0	1	0.0	7.0
soccer games near me	0	1	0.0	2.0
soccer games tomorrow	0	1	0.0	4.0
soccer girl teams near me	0	1	0.0	7.0
soccer girls	0	1	0.0	1.0
soccer half length	0	20	0.0	20.3
soccer kids	0	1	0.0	1.0
soccer league	0	3	0.0	2.0
soccer league age groups	0	1	0.0	1.0
soccer leagues modesto	0	3	0.0	78.3
soccer leauges	0	2	0.0	2.0
soccer made easy	0	1	0.0	66.0
soccer mayjo	0	1	0.0	8.0
soccer middle school	0	1	0.0	1.0
soccer modified games	0	4	0.0	89.2
soccer mountain	0	7	0.0	12.1
soccer offsides	0	1	0.0	2.0
soccer programs near me	0	1	0.0	6.0
soccer registration	0	1	0.0	1.0
soccer registration near me	0	1	0.0	1.0
soccer rules for kids	0	2	0.0	1.0
soccer rules youth	0	1	0.0	1.0
soccer school for kids	0	1	0.0	82.0
soccer school for kids near me	0	2	0.0	3.0
soccer season months	0	1	0.0	1.0
soccer sign ups	0	1	0.0	1.0
soccer sunglasses	0	1	0.0	86.0
soccer teams near me	0	2	0.0	1.0
soccer teams youth	0	1	0.0	2.0
soccer throw in rules	0	2	0.0	55.5
soccer u levels	0	1	0.0	1.0
soccer u12	0	1	0.0	1.0
soccer victorville	0	1	0.0	63.0
soccer youth league near me	0	1	0.0	1.0
softball ages	0	1	0.0	1.0
south yosemite mountain league	0	2	0.0	8.5
sports	0	1	0.0	2.0
spring soccer	0	1	0.0	4.0
spring soccer near me	0	1	0.0	1.0
ssjysl	0	1	0.0	54.0
stanislaus soccer league	0	3	0.0	50.7
stanislaus youth soccer	0	6	0.0	54.5
stanislaus youth soccer league	0	56	0.0	46.6
summer league soccer near me	0	1	0.0	1.0
summer soccer leagues near me	0	1	0.0	1.0
summer soccer programs near me	0	1	0.0	1.0
summer soccer upper hutt	0	2	0.0	30.5
table soccer rules	0	1	0.0	95.0
tap here to join me on fc	0	1	0.0	1.0
throw in law	0	1	0.0	50.0
throw in rules	0	4	0.0	69.0
toddler soccer	0	1	0.0	3.0
travel league soccer	0	1	0.0	10.0
travel soccer clubs near me	0	1	0.0	1.0
tysl soccer schedule	0	1	0.0	3.0
u 12 soccer	0	1	0.0	1.0
u.s. soccer rules by age pdf	0	1	0.0	1.0
u10	0	1	0.0	1.0
u10 boys	0	4	0.0	78.2
u10 field dimensions	0	2	0.0	2.0
u10 game length	0	12	0.0	12.9
u10 game time	0	1	0.0	13.0
u10 soccer game length	0	2	0.0	13.0
u10 soccer rules australia	0	1	0.0	1.0
u10 team size	0	1	0.0	9.0
u11 age group soccer	0	1	0.0	1.0
u11 soccer game length	0	1	0.0	13.0
u11 soccer half length	0	41	0.0	13.0
u12 game length	0	5	0.0	9.4
u12 game time	0	1	0.0	12.0
