month	path	views
202608	/registration/	1121
202409	/schedules/	952
202508	/registration/	923
202508	/	898
202607	/registration/	886
202209	/schedules/	821
202409	/	749
202608	/	710
202308	/	684
202408	/	655
202509	/	587
202309	/	544
202607	/	509
202601	/adult/	482
202408	/registration/	466
202509	/schedules/	448
202508	/2025/07/02/registration-open.html	419
202309	/schedules/	378
202512	/	343
202602	/adult/	336
202209	/	320
202210	/schedules/	305
202602	/	299
202507	/registration/	275
202601	/	274
202606	/	274
202607	/2026/07/02/fall-signups-open.html	273
202509	/registration/	270
202511	/	266
202512	/adult/	264
202507	/	249
202307	/2023/05/17/registration-open.html	240
202510	/	235
202603	/	226
202508	/2025/07/31/season-start.html	224
202307	/	223
202309	/coaches/	206
202407	/	201
202605	/	199
202409	/schedules/2024/2024-U10-girls.html	194
202604	/	191
202310	/2023/10/14/picture-day.html	186
202308	/coaches/	184
202409	/registration/	183
202408	/parents/	176
202510	/schedules/	173
202607	/refs/	170
202209	/schedules/2022/2022-U13-girls.html	168
202209	/schedules/2022/2022-U16-coed.html	168
202308	/schedules/	167
202209	/schedules/2022/2022-U10-boys.html	165
202410	/schedules/	165
202608	/2026/07/02/fall-signups-open.html	163
202410	/	162
202507	/2025/07/02/registration-open.html	157
202209	/schedules/2022/2022-U8-boys.html	155
202409	/schedules/2024/2024-U12-boys.html	153
202210	/	152
202607	/coachreg/	152
202210	/schedules/2022/2022-U10-boys.html	147
202209	/coaches/	145
202409	/schedules/2024/2024-U6-coed.html	145
202409	/schedules/2024/2024-U12-girls.html	144
202608	/coachreg/	143
202209	/schedules/2022/2022-U8-girls.html	142
202606	/registration/	142
202210	/schedules/2022/2022-U16-coed.html	139
202210	/schedules/2022/2022-U8-boys.html	138
202308	/2023/06/29/season-kickoff-party.html	136
202209	/schedules/2022/2022-U10-girls.html	135
202209	/schedules/2022/2022-U13-boys.html	135
202210	/schedules/2022/2022-U10-girls.html	133
202309	/schedules/2023/2023-U12-boys.html	131
202409	/schedules/2024/2024-U10-boys.html	131
202210	/schedules/2022/2022-U13-girls.html	130
202309	/schedules/2023/2023-U8-boys.html	128
202508	/coachreg/	128
202509	/coaches/	126
202408	/2024/07/24/season-start.html	125
202209	/parents/	123
202409	/schedules/2024/2024-09-14.html	120
202509	/2025/07/02/registration-open.html	118
202508	/parents/	116
202409	/parents/	114
202409	/schedules/2024/2024-U8-boys.html	114
202310	/	113
202509	/2025/07/31/season-start.html	113
202608	/contact/	113
202411	/	112
202211	/schedules/	108
202409	/rules/	106
202511	/schedules/	105
202608	/parents/	104
202307	/2023/06/29/season-kickoff-party.html	102
202409	/schedules/2024/2024-U8-girls.html	99
202509	/coachreg/	98
202607	/parents/	98
202210	/schedules/2022/2022-U8-girls.html	94
202211	/schedules/2022/2022-U13-girls.html	94
202408	/schedules/	93
202608	/parents/	92
202308	/2023/05/17/registration-open.html	91
202606	/coachreg/	89
202409	/coaches/	88
202607	/2026/04/28/2026-league-ages.html	88
202308	/parents/	84
202406	/	84
202409	/schedules/2024/2024-U5-coed.html	84
202309	/schedules/2023/2023-U10-boys.html	82
202310	/schedules/2023/2023-U8-boys.html	82
202310	/schedules/	80
202509	/parents/	80
202509	/schedules/2025/U15-coed.html	80
202509	/contact/	79
202210	/2022/10/15/picture-day.html	78
202209	/schedules/2022/2022-U5-coed.html	77
202211	/schedules/2022/2022-U8-boys.html	77
202310	/schedules/2023/2023-U8-girls.html	77
202509	/rules/	76
202310	/schedules/2023/2023-U12-girls.html	75
202409	/2024/07/24/season-start.html	74
202211	/	71
202308	/2023/08/12/signups-still-open.html	68
202608	/coaches/	67
202409	/schedules/2024/2024-U15-coed.html	66
202509	/schedules/2025/U12-boys.html	66
202311	/	65
202409	/coachreg/	65
202307	/schedules/	64
202403	/	64
202411	/schedules/	64
202409	/2024/09/19/season-schedules-posted.html	62
202409	/contact/	62
202509	/schedules/2025/U5-coed.html	62
202408	/coaches/	61
202210	/schedules/2022/2022-U13-boys.html	60
202211	/schedules/2022/2022-U10-girls.html	60
202211	/schedules/2022/2022-U10-boys.html	59
202309	/parents/	59
202309	/schedules/2023/2023-U12-girls.html	59
202405	/	59
202509	/faq/	59
202509	/schedules/2025/U8-boys.html	59
202209	/schedules/2022/2022-U6-coed.html	58
202505	/	58
202506	/	58
202508	/coaches/	58
202209	/rules/	57
202309	/rules/	56
202508	/contact/	55
202508	/parents/	54
202305	/	53
202309	/news/	53
202309	/schedules/2023/2023-U16-coed.html	53
202409	/schedules/2024/game-days.html	53
202509	/schedules/2025/U10-boys.html	53
202510	/schedules/2025/U15-coed.html	52
202309	/schedules/2023/2023-U8-girls.html	51
202311	/schedules/2023/2023-U8-boys.html	51
202209	/2022/09/15/starting-day-schedule.html	50
202510	/schedules/2025/U12-boys.html	50
202410	/schedules/2024/2024-U12-girls.html	49
202508	/faq/	49
202509	/schedules/2025/U6-coed.html	49
202608	/faq/	49
202306	/	48
202502	/	48
202606	/2026/06/19/registration-open.html	48
202310	/schedules/2023/2023-U10-boys.html	47
202407	/registration/	47
202508	/2025/07/25/refs.html	47
202408	/faq/	46
202503	/	46
202512	/faq/	46
202607	/2026/07/09/refs.html	46
202410	/2024/09/19/season-schedules-posted.html	45
202509	/schedules/2025/U10-girls.html	45
202309	/schedules/2023/2023-U6-coed.html	44
202404	/	44
202607	/contact/	44
202211	/schedules/2022/2022-U8-girls.html	43
202212	/	43
202301	/	43
202311	/schedules/	43
202308	/news/	42
202309	/schedules/2023/2023-U10-girls.html	42
202509	/news/	42
202603	/adult/	42
202606	/2026/04/28/2026-league-ages.html	42
202608	/refs/	42
202409	/faq/	41
202410	/schedules/2024/2024-U8-boys.html	41
202512	/resources/	41
202210	/rules/	40
202607	/news/	40
202209	/updates/	38
202408	/contact/	38
202512	/rules/	38
202607	/parents/	38
202310	/schedules/2023/2023-U10-girls.html	37
202502	/registration/	37
202504	/	37
202512	/news/	37
202603	/news/	37
202503	/2025/02/10/spring-soccer.html	36
202509	/schedules/2025/U12-girls.html	36
202509	/schedules/2025/U8-girls.html	36
202512	/parents/	36
202308	/contact/	35
202311	/schedules/2023/2023-U10-boys.html	34
202409	/schedules/	34
202511	/coaches/	34
202608	/2026/04/28/2026-league-ages.html	34
202608	/news/	34
202211	/schedules/2022/2022-U13-boys.html	33
202401	/	33
202410	/schedules/2024/2024-U12-boys.html	33
202412	/	33
202508	/news/	33
202510	/coaches/	33
202510	/news/	33
202210	/coaches/	32
202509	/parents/	32
202512	/contact/	32
202209	/schedules/2022/2022-09-17.html	31
202511	/rules/	31
202608	/rules/	31
202409	/news/	30
202508	/rules/	30
202510	/schedules/2025/U12-girls.html	30
202602	/2025/07/02/registration-open.html	30
202209	/refs/	29
202304	/	29
202309	/2023/09/01/season-start.html	29
202410	/schedules/2024/2024-U10-girls.html	29
202501	/	29
202209	/2022/09/20/season-schedules-posted.html	28
202308	/rules/	28
202310	/schedules/2023/2023-U12-boys.html	28
202311	/schedules/2023/2023-U8-girls.html	28
202402	/	28
202408	/news/	28
202409	/schedules/2023/2023-U6-coed.html	28
202510	/faq/	28
202512	/coaches/	28
202601	/contact/	28
202601	/parents/	28
202601	/schedules/	28
202607	/2026/06/19/registration-open.html	28
202211	/schedules/2022/2022-U16-coed.html	27
202309	/contact/	27
202510	/parents/	27
202607	/coaches/	27
202309	/registration/	26
202408	/coachreg/	26
202410	/schedules/2024/2024-U10-boys.html	26
202411	/2024/09/19/season-schedules-posted.html	26
202506	/registration/	26
202512	/schedules/	26
202601	/coaches/	26
202211	/rules/	25
202411	/schedules/2024/2024-U12-girls.html	25
202507	/parents/	25
202511	/faq/	25
202511	/news/	25
202511	/schedules/2025/U8-boys.html	25
202607	/faq/	25
202310	/faq/	24
202311	/schedules/2023/2023-U12-boys.html	24
202311	/schedules/2023/2023-U12-girls.html	24
202510	/schedules/2025/U10-boys.html	24
202511	/about/	24
202511	/contact/	24
202511	/parents/	24
202601	/news/	24
202608	/schedules/	24
202209	/2022/09/03/starting-soon.html	23
202210	/parents/	23
202307	/parents/	23
202409	/schedules/2023/2023-U10-boys.html	23
202508	/schedules/	23
202510	/schedules/2025/U8-boys.html	23
202511	/schedules/2025/U12-boys.html	23
202601	/resources/	23
202604	/parents/	23
202411	/schedules/2024/2024-U12-boys.html	22
202507	/parents/	22
202601	/faq/	22
202209	/contact/	21
202308	/schedules/2022/2022-U13-girls.html	21
202308	/schedules/2022/2022-U5-coed.html	21
202510	/rules/	21
202602	/news/	21
202605	/registration/	21
202210	/2022/09/20/season-schedules-posted.html	20
202308	/schedules/2023/2023-U5-coed.html	20
202311	/rules/	20
202407	/schedules/	20
202409	/about/	20
202510	/registration/	20
202511	/2025/07/02/registration-open.html	20
202511	/schedules/2025/U10-boys.html	20
202601	/2025/07/02/registration-open.html	20
202601	/about/	20
202601	/rules/	20
202605	/rules/	20
202608	/2026/08/01/clovis-ref-course.html	20
202306	/2023/05/17/registration-open.html	19
202312	/	19
202408	/rules/	19
202410	/coaches/	19
202410	/schedules/2024/2024-U8-girls.html	19
202507	/faq/	19
202509	/2025/07/25/refs.html	19
202510	/schedules/2025/U10-girls.html	19
202512	/about/	19
202512	/refs/	19
202602	/registration/	19
202209	/about/	18
202302	/	18
202307	/news/	18
202309	/refs/	18
202511	/coachreg/	18
202512	/pictures/	18
202602	/schedules/	18
202409	/2024/09/12/starting-day-schedule.html	17
202411	/schedules/2024/2024-U8-girls.html	17
202505	/registration/	17
202505	/schedules/	17
202507	/news/	17
202512	/coachreg/	17
202603	/2025/07/02/registration-open.html	17
202604	/2025/07/02/registration-open.html	17
202606	/parents/	17
202606	/parents/	17
202606	/rules/	17
202210	/schedules/2022/2022-U6-coed.html	16
202211	/parents/	16
202311	/schedules/2023/2023-U10-girls.html	16
202407	/parents/	16
202410	/schedules/2024/2024-U6-coed.html	16
202411	/registration/	16
202411	/schedules/2024/2024-U10-girls.html	16
202411	/schedules/2024/2024-U8-boys.html	16
202507	/coachreg/	16
202510	/contact/	16
202511	/refs/	16
202512	/tags/	16
202601	/2025/12/02/adult-soccer-signups.html	16
202603	/contact/	16
202603	/parents/	16
202604	/registration/	16
202605	/2025/07/31/season-start.html	16
202605	/faq/	16
202605	/news/	16
202608	/2026/07/09/refs.html	16
202209	/2022/09/01/season-start.html	15
202209	/2022/09/08/practices-open.html	15
202210	/refs/	15
202308	/schedules/2022/2022-U13-boys.html	15
202309	/2023/06/29/season-kickoff-party.html	15
202310	/rules/	15
202408	/schedules/2023/2023-U6-coed.html	15
202410	/schedules/2024/2024-U15-coed.html	15
202503	/schedules/	15
202504	/schedules/	15
202505	/2024/07/24/season-start.html	15
202510	/2025/07/31/season-start.html	15
202511	/resources/	15
202511	/schedules/2025/U10-girls.html	15
202601	/refs/	15
202605	/contact/	15
202607	/rules/	15
202209	/news/	14
202210	/news/	14
202307	/contact/	14
202309	/2023/08/12/signups-still-open.html	14
202403	/2023/05/17/registration-open.html	14
202409	/2024/	14
202410	/registration/	14
202410	/schedules/2024/2024-U5-coed.html	14
202502	/2025/02/10/spring-soccer.html	14
202505	/parents/	14
202506	/2025/02/10/spring-soccer.html	14
202506	/schedules/	14
202510	/2025/07/02/registration-open.html	14
202510	/schedules/2025/U5-coed.html	14
202511	/schedules/2025/U15-coed.html	14
202511	/schedules/2025/U6-coed.html	14
202511	/schedules/2025/U8-girls.html	14
202512	/2025/12/02/adult-soccer-signups.html	14
202601	/coachreg/	14
202602	/coachreg/	14
202604	/rules/	14
202608	/2026/06/19/registration-open.html	14
202210	/schedules/2022/2022-U5-coed.html	13
202212	/coaches/	13
202301	/coaches/	13
202303	/	13
202305	/schedules/	13
202309	/schedules/2022/2022-U8-boys.html	13
202409	/schedules/2023/2023-U10-girls.html	13
202409	/schedules/2023/2023-U8-boys.html	13
202506	/parents/	13
202508	/about/	13
202509	/schedules/	13
202509	/schedules/2024/2024-U5-coed.html	13
202605	/2025/12/02/adult-soccer-signups.html	13
202605	/schedules/	13
202305	/parents/	12
202308	/refs/	12
202308	/schedules/2022/2022-U10-girls.html	12
202308	/schedules/2022/2022-U8-girls.html	12
202311	/2023/10/14/picture-day.html	12
202403	/2022/08/18/refs.html	12
202403	/schedules/	12
202404	/schedules/	12
202406	/registration/	12
202406	/schedules/	12
202407	/schedules/2023/2023-U12-girls.html	12
202409	/schedules/2023/2023-U8-girls.html	12
202506	/2024/07/24/season-start.html	12
202507	/schedules/	12
202507	/schedules/	12
202508	/2024/09/12/starting-day-schedule.html	12
202511	/pictures/	12
202511	/tags/	12
202601	/tags/	12
202602	/2025/02/10/spring-soccer.html	12
202602	/coaches/	12
202602	/schedules/2023/2023-U8-boys.html	12
202603	/registration/	12
202604	/news/	12
202605	/2025/07/02/registration-open.html	12
202605	/coaches/	12
202605	/parents/	12
202606	/faq/	12
202608	/about/	12
202212	/rules/	11
202307	/coaches/	11
202310	/coaches/	11
202310	/news/	11
202404	/schedules/2023/2023-U8-boys.html	11
202405	/schedules/	11
202410	/schedules/2024/game-days.html	11
202411	/schedules/2024/2024-U10-boys.html	11
202509	/schedules/2024/2024-U6-coed.html	11
202510	/about/	11
202510	/schedules/2025/U6-coed.html	11
202601	/pictures/	11
202602	/2025/12/02/adult-soccer-signups.html	11
202603	/2025/12/02/adult-soccer-signups.html	11
202308	/about/	10
202308	/schedules/2022/2022-U16-coed.html	10
202308	/schedules/2022/2022-U8-boys.html	10
202311	/refs/training/	10
202403	/2022/07/01/season-signups.html	10
202403	/registration/	10
202407	/schedules/2023/2023-U8-boys.html	10
202409	/schedules/2023/2023-U12-boys.html	10
202410	/contact/	10
202410	/schedules/2024/2024-09-14.html	10
202507	/contact/	10
202508	/2024/09/19/season-schedules-posted.html	10
202510	/schedules/2025/U8-girls.html	10
202510	/tags/	10
202511	/2025/07/31/season-start.html	10
202512	/2025/07/02/registration-open.html	10
202601	/registration/	10
202602	/02	10
202602	/29	10
202602	/about/	10
202602	/faq/	10
202602	/schedules/2024/2024-U6-coed.html	10
202603	/coaches/	10
202603	/rules/	10
202606	/coaches/	10
202607	/about/	10
202607	/adult/	10
202210	/contact/	9
202304	/coaches/	9
202304	/contact/	9
202305	/2022/07/01/season-signups.html	9
202307	/schedules/2022/2022-U8-boys.html	9
202308	/2022/09/03/starting-soon.html	9
202308	/2022/09/20/season-schedules-posted.html	9
202309	/2023/05/17/registration-open.html	9
202310	/schedules/2023/2023-U16-coed.html	9
202310	/schedules/2023/2023-U6-coed.html	9
202407	/coaches/	9
202407	/contact/	9
202408	/parents/	9
202408	/schedules/2023/2023-U8-boys.html	9
202411	/contact/	9
202412	/contact/	9
202501	/registration/	9
202504	/registration/	9
202507	/2024/09/12/starting-day-schedule.html	9
202507	/coaches/	9
202509	/about/	9
202511	/schedules/2025/U5-coed.html	9
202512	/2025/07/31/season-start.html	9
202602	/parents/	9
202602	/schedules/2022/2022-U10-boys.html	9
202602	/schedules/2022/2022-U13-boys.html	9
202602	/schedules/2023/2023-U12-boys.html	9
202602	/schedules/2023/2023-U12-girls.html	9
202602	/schedules/2024/2024-U8-girls.html	9
202603	/2025/07/31/season-start.html	9
202605	/coachreg/	9
202606	/2025/07/02/registration-open.html	9
202211	/2022/09/20/season-schedules-posted.html	8
202211	/schedules/2022/2022-U6-coed.html	8
202212	/parents/	8
202307	/rules/	8
202308	/schedules/2022/2022-U10-boys.html	8
202309	/about/	8
202309	/schedules/2022/2022-U13-boys.html	8
202309	/schedules/2022/2022-U16-coed.html	8
202311	/news/	8
202404	/rules/	8
202405	/contact/	8
202405	/parents/	8
202407	/faq/	8
202409	/schedules/2023/2023-U12-girls.html	8
202409	/schedules/2023/2023-U16-coed.html	8
202411	/parents/	8
202411	/rules/	8
202504	/2025/02/10/spring-soccer.html	8
202506	/news/	8
202508	/refs/	8
202509	/schedules/2024/2024-U15-coed.html	8
202510	/coachreg/	8
202510	/refs/	8
202510	/resources/	8
202602	/rules/	8
202602	/schedules/2022/2022-09-17.html	8
202602	/schedules/2022/2022-U5-coed.html	8
202602	/schedules/2024/2024-U10-girls.html	8
202602	/schedules/2025/U10-girls.html	8
202603	/faq/	8
202604	/faq/	8
202604	/schedules/	8
202605	/about/	8
202606	/contact/	8
202607	/2025/12/02/adult-soccer-signups.html	8
202607	/refs/training/	8
202211	/schedules/2022/2022-U5-coed.html	7
202212	/schedules/	7
202212	/schedules/2022/2022-U8-girls.html	7
202301	/schedules/	7
202307	/schedules/2022/2022-U13-girls.html	7
202307	/schedules/2022/2022-U5-coed.html	7
202308	/2022/08/18/refs.html	7
202309	/schedules/2022/2022-U10-boys.html	7
202310	/contact/	7
202311	/coaches/	7
202401	/schedules/	7
202404	/faq/	7
202404	/registration/	7
202407	/2023/05/17/registration-open.html	7
202407	/news/	7
202409	/schedules/2024/MAYSL-2024-U5-clinic.pdf	7
202410	/parents/	7
202411	/schedules/2024/2024-U6-coed.html	7
202501	/rules/	7
202502	/parents/	7
202503	/parents/	7
202504	/coaches/	7
202505	/2025/02/10/spring-soccer.html	7
202507	/2025/07/25/refs.html	7
202507	/about/	7
202509	/2024/09/19/season-schedules-posted.html	7
202509	/2025/	7
202509	/schedules/2024/2024-U10-girls.html	7
202509	/schedules/2024/2024-U8-boys.html	7
202510	/pictures/	7
202511	/adult/	7
202511	/registration/	7
202512	/refs/training/	7
202602	/2025/07/31/season-start.html	7
202602	/schedules/2022/2022-U10-girls.html	7
202602	/schedules/2023/2023-U16-coed.html	7
202602	/schedules/2023/2023-U6-coed.html	7
202602	/schedules/2023/2023-U8-girls.html	7
202602	/schedules/2025/U12-boys.html	7
202603	/schedules/	7
202603	/schedules/2024/2024-U5-coed.html	7
202604	/2025/07/31/season-start.html	7
202605	/adult/	7
202606	/news/	7
202606	/schedules/	7
202209	/2022/09/21/birth-certificates.html	6
202211	/2022/10/15/picture-day.html	6
202211	/coaches/	6
202306	/news/	6
202309	/2022/09/20/season-schedules-posted.html	6
202309	/schedules/2022/2022-U13-girls.html	6
202309	/schedules/2022/2022-U5-coed.html	6
202309	/schedules/2023/2023-U12-boys.%E2%80%A6%E2%80%9D	6
202310	/2023/09/01/season-start.html	6
202311	/2023/08/12/signups-still-open.html	6
202311	/parents/	6
202401	/registration/	6
202402	/registration/	6
202404	/schedules/2023/2023-U6-coed.html	6
202405	/registration/	6
202406	/news/	6
202407	/rules/	6
202408	/schedules/2023/2023-U16-coed.html	6
202408	/schedules/2023/2023-U8-girls.html	6
202410	/2024/07/24/season-start.html	6
202411	/2024/07/24/season-start.html	6
202411	/schedules/2024/2024-U15-coed.html	6
202411	/schedules/2024/2024-U5-coed.html	6
202412	/coaches/	6
202503	/2024/07/24/season-start.html	6
202503	/schedules/2024/2024-U8-boys.html	6
202504	/parents/	6
202505	/about/	6
202505	/coaches/	6
202505	/contact/	6
202505	/news/	6
202505	/rules/	6
202508	/schedules/	6
202509	/pictures/	6
202509	/refs/	6
202509	/schedules/2024/2024-U10-boys.html	6
202509	/schedules/2024/2024-U12-boys.html	6
202509	/schedules/2024/2024-U8-girls.html	6
202510	/2025/07/25/refs.html	6
202511	/schedules/2025/U12-girls.html	6
202512	/2025/07/25/refs.html	6
202512	/registration/	6
202601	/02	6
202601	/2025/02/10/spring-soccer.html	6
202601	/29	6
202602	/resources/	6
202602	/schedules/2023/2023-U10-boys.html	6
202602	/schedules/2023/2023-U10-girls.html	6
202602	/schedules/2024/2024-U10-boys.html	6
202602	/schedules/2024/2024-U15-coed.html	6
202602	/schedules/2024/2024-U5-coed.html	6
202603	/2025/07/25/refs.html	6
202604	/2025/12/02/adult-soccer-signups.html	6
202604	/adult/	6
202604	/contact/	6
202604	/refs/	6
202605	/schedules/2022/2022-09-17.html	6
202605	/schedules/2022/2022-U13-boys.html	6
202605	/schedules/2022/2022-U5-coed.html	6
202605	/schedules/2024/2024-U5-coed.html	6
202605	/schedules/2024/2024-U8-girls.html	6
202209	/2022/08/21/last-call.html	5
202210	/tags/	5
202211	/2022/11/02/picture-makeups.md.html	5
202211	/news/	5
202304	/about/	5
202305	/about/	5
202306	/coaches/	5
202307	/2022/09/20/season-schedules-posted.html	5
202307	/schedules/2022/2022-U13-boys.html	5
202308	/2022/08/21/last-call.html	5
202308	/2022/09/21/birth-certificates.html	5
202309	/schedules/2022/2022-U10-girls.html	5
202309	/schedules/2022/2022-U6-coed.html	5
202310	/registration/	5
202311	/schedules/2023/2023-U16-coed.html	5
202403	/news/	5
202406	/contact/	5
202407	/2024/07/24/season-start.html	5
202407	/schedules/2023/2023-U16-coed.html	5
202408	/2022/09/03/starting-soon.html	5
202408	/schedules/2023/2023-U12-boys.html	5
202409	/parents/	5
202409	/resources/	5
202411	/2024/09/12/starting-day-schedule.html	5
202501	/schedules/	5
202502	/news/	5
202503	/coaches/	5
202504	/faq/	5
202505	/faq/	5
202505	/schedules/2024/2024-U6-coed.html	5
202510	/schedules/2024/2024-U5-coed.html	5
202512	/schedules/2022/2022-U5-coed.html	5
202601	/2025/07/25/refs.html	5
202601	/schedules/2023/2023-U12-girls.html	5
202601	/schedules/2023/2023-U8-boys.html	5
202602	/2025/07/25/refs.html	5
202602	/schedules/2025/U5-coed.html	5
202604	/about/	5
202605	/refs/training/	5
202605	/schedules/2022/2022-U10-girls.html	5
202605	/schedules/2024/2024-U6-coed.html	5
202607	/schedules/	5
202608	/adult/	5
202608	/schedules/2025/U6-coed.html	5
202209	/2022/07/01/season-signups.html	4
202211	/2022/09/15/starting-day-schedule.html	4
202212	/2022/09/21/birth-certificates.html	4
202301	/parents/	4
202304	/parents/	4
202305	/2022/08/18/refs.html	4
202305	/contact/	4
202306	/contact/	4
202306	/parents/	4
202306	/schedules/	4
202307	/about/	4
202307	/schedules/2022/2022-U10-girls.html	4
202308	/2022/09/08/practices-open.html	4
202308	/schedules/2022/2022-U6-coed.html	4
202309	/resources/	4
202310	/about/	4
202312	/news/	4
202312	/registration/	4
202312	/rules/	4
202402	/contact/	4
202403	/parents/	4
202403	/rules/	4
202404	/2023/05/17/registration-open.html	4
202404	/contact/	4
202405	/coaches/	4
202406	/2023/09/01/season-start.html	4
202406	/2024/04/24/refs.html	4
202406	/coaches/	4
202407	/2024/04/24/refs.html	4
202408	/2023/09/01/season-start.html	4
202408	/about/	4
202408	/schedules/	4
202408	/schedules/2023/2023-U12-girls.html	4
202410	/2024/09/12/starting-day-schedule.html	4
202410	/schedules/	4
202411	/about/	4
202411	/coaches/	4
202411	/coachreg/	4
202411	/schedules/2024/2024-09-14.html	4
202412	/2024/07/24/season-start.html	4
202412	/2024/09/19/season-schedules-posted.html	4
202412	/about/	4
202412	/parents/	4
202501	/2024/07/24/season-start.html	4
202501	/coaches/	4
202501	/contact/	4
202503	/registration/	4
202503	/rules/	4
202505	/schedules/2024/2024-U5-coed.html	4
202506	/about/	4
202507	/rules/	4
202507	/schedules/2024/2024-U5-coed.html	4
202508	/2025/02/10/spring-soccer.html	4
202509	/refs/training/	4
202510	/schedules/2024/2024-U8-boys.html	4
202512	/schedules/2022/2022-U10-boys.html	4
202512	/schedules/2022/2022-U10-girls.html	4
202512	/schedules/2022/2022-U13-boys.html	4
202512	/schedules/2023/2023-U12-girls.html	4
202512	/schedules/2023/2023-U8-boys.html	4
202512	/schedules/2024/2024-U10-boys.html	4
202512	/schedules/2024/2024-U5-coed.html	4
202512	/schedules/2024/2024-U6-coed.html	4
202601	/schedules/2025/U10-girls.html	4
202603	/about/	4
202603	/refs/	4
202603	/schedules/2022/2022-U5-coed.html	4
202603	/schedules/2023/2023-U12-boys.html	4
202603	/schedules/2024/2024-U15-coed.html	4
202604	/2025/07/25/refs.html	4
202604	/coachreg/	4
202604	/resources/	4
202604	/schedules/2024/2024-U5-coed.html	4
202604	/schedules/2024/2024-U8-boys.html	4
202605	/2023/05/17/registration-open.html	4
202605	/2025/07/25/refs.html	4
202605	/schedules/2023/2023-U12-boys.html	4
202606	/2025/07/25/refs.html	4
202606	/about/	4
202608	/pictures/	4
202608	/schedules/2025/U12-girls.html	4
202608	/schedules/2025/U8-boys.html	4
202209	/2022/08/18/refs.html	3
202210	/2022/09/21/birth-certificates.html	3
202210	/about/	3
202210	/pictures/	3
202212	/news/	3
202302	/parents/	3
202302	/rules/	3
202302	/schedules/	3
202303	/contact/	3
202303	/rules/	3
202304	/schedules/2022/2022-U16-coed.html	3
202307	/schedules/2022/2022-U10-boys.html	3
202307	/schedules/2022/2022-U6-coed.html	3
202307	/schedules/2022/2022-U8-girls.html	3
202307	/schedules/2023/2023-U5-coed.html	3
202308	/2022/07/01/season-signups.html	3
202308	/schedules/2023/2023-U16-coed.html	3
202309	/2022/09/03/starting-soon.html	3
202309	/schedules/2022/2022-U8-girls.html	3
202310	/2023/06/29/season-kickoff-party.html	3
202310	/parents/	3
202310	/refs/	3
202310	/schedules/2022/2022-U5-coed.html	3
202311	/faq/	3
202311	/refs/	3
202311	/registration/	3
202312	/schedules/2023/2023-U10-boys.html	3
202402	/2023/06/29/season-kickoff-party.html	3
202402	/about/	3
202402	/news/	3
202403	/faq/	3
202403	/schedules/2023/2023-U16-coed.html	3
202404	/schedules/2023/2023-U8-girls.html	3
202405	/about/	3
202405	/news/	3
202405	/schedules/2023/2023-U12-boys.html	3
202406	/2023/05/17/registration-open.html	3
202407	/2022/09/03/starting-soon.html	3
202407	/2023/08/12/signups-still-open.html	3
202407	/schedules/2023/2023-U8-girls.html	3
202408	/2024/04/24/refs.html	3
202408	/pictures/	3
202408	/schedules/2022/2022-U8-girls.html	3
202409	/schedules/2022/2022-U10-boys.html	3
202409	/schedules/2022/2022-U6-coed.html	3
202410	/faq/	3
202410	/news/	3
202410	/resources/	3
202410	/rules/	3
202410	/schedules/2023/2023-U12-girls.html	3
202411	/faq/	3
202411	/pictures/	3
202411	/schedules/2024/game-days.html	3
202411	/tags/	3
202412	/schedules/	3
202501	/about/	3
202502	/2024/07/24/season-start.html	3
202502	/contact/	3
202502	/schedules/	3
202502	/schedules/2024/2024-U12-girls.html	3
202503	/2024/09/12/starting-day-schedule.html	3
202504	/2024/07/24/season-start.html	3
202504	/about/	3
202504	/contact/	3
202504	/news/	3
202504	/schedules/2024/2024-U12-boys.html	3
202505	/coachreg/	3
202505	/schedules/2024/2024-U15-coed.html	3
202506	/coachreg/	3
202506	/faq/	3
202506	/schedules/	3
202507	/2025/02/10/spring-soccer.html	3
202507	/refs/	3
202507	/schedules/2024/2024-U6-coed.html	3
202508	/schedules/2024/2024-U8-girls.html	3
202508	/schedules/2024/game-days.html	3
202509	/2025/02/10/spring-soccer.html	3
202509	/resources/	3
202509	/schedules/2023/2023-U6-coed.html	3
202509	/schedules/2023/2023-U8-boys.html	3
202509	/tags/	3
202510	/schedules/2023/2023-U6-coed.html	3
202510	/schedules/2024/2024-U15-coed.html	3
202512	/schedules/2023/2023-U10-boys.html	3
202512	/schedules/2023/2023-U10-girls.html	3
202512	/schedules/2023/2023-U12-boys.html	3
202512	/schedules/2023/2023-U16-coed.html	3
202512	/schedules/2023/2023-U6-coed.html	3
202512	/schedules/2023/2023-U8-girls.html	3
202512	/schedules/2024/2024-U15-coed.html	3
202512	/schedules/2025/U12-boys.html	3
202601	/schedules/2022/2022-09-17.html	3
202601	/schedules/2022/2022-U5-coed.html	3
202601	/schedules/2023/2023-U10-girls.html	3
202601	/schedules/2023/2023-U8-girls.html	3
202601	/schedules/2024/2024-U10-boys.html	3
202601	/schedules/2024/2024-U15-coed.html	3
202601	/schedules/2024/2024-U5-coed.html	3
202601	/schedules/2025/U5-coed.html	3
202602	/contact/	3
202602	/schedules/2025/U15-coed.html	3
202603	/2025/02/10/spring-soccer.html	3
202603	/schedules/2023/2023-U6-coed.html	3
202603	/schedules/2023/2023-U8-boys.html	3
202603	/schedules/2024/2024-U6-coed.html	3
202603	/schedules/2025/U12-boys.html	3
202604	/04	3
202604	/coaches/	3
202604	/pictures/	3
202604	/schedules/2024/2024-U6-coed.html	3
202604	/schedules/2024/2024-U8-girls.html	3
202605	/2026/04/28/2026-league-ages.html	3
202606	/2024/09/19/season-schedules-posted.html	3
202606	/2025/07/31/season-start.html	3
202606	/adult/	3
202607	/2025/07/31/season-start.html	3
202607	/pictures/	3
202607	/resources/	3
202608	/2025/12/02/adult-soccer-signups.html	3
202608	/refs/training/	3
202209	/resources/	2
202209	/scheduels/2022/2022-U8-girls.html	2
202210	/2022/09/08/practices-open.html	2
202210	/resources/	2
202211	/contact/	2
202211	/schedules/2022/2022-09-17.html	2
202212	/contact/	2
202212	/schedules/2022/2022-U13-girls.html	2
202301	/contact/	2
202301	/news/	2
202301	/refs/	2
202303	/parents/	2
202304	/schedules/	2
202305	/refs/	2
202305	/schedules/2022/2022-U13-girls.html	2
202305	/schedules/2022/2022-U6-coed.html	2
202305	/schedules/2022/2022-U8-boys.html	2
202306	/2022/09/08/practices-open.html	2
202306	/2023/06/29/season-kickoff-party.html	2
202306	/schedules/2022/2022-U8-girls.html	2
202307	/2022/08/18/refs.html	2
202307	/2022/09/15/starting-day-schedule.html	2
202307	/schedules/2023/2023-U8-boys.html	2
202308	/files/maysl-logo-hires.png	2
202308	/pictures/	2
202308	/schedules/2022/2022-09-17.html	2
202308	/schedules/2023/2023-U13-girls.html	2
202309	/2022/09/15/starting-day-schedule.html	2
202309	/coachreg/	2
202309	/pictures/	2
202309	/schedules/2022/2022-09-17.html	2
202309	/tags/	2
202310	/2022/10/15/picture-day.html	2
202311	/coachreg/	2
202311	/schedules/2022/2022-U10-boys.html	2
202311	/schedules/2022/2022-U13-girls.html	2
202311	/schedules/2023/2023-U6-coed.html	2
202312	/2023/10/14/picture-day.html	2
202312	/coaches/	2
202312	/contact/	2
202312	/faq/	2
202312	/refs/training/	2
202312	/schedules/	2
202312	/schedules/2023/2023-U8-boys.html	2
202312	/schedules/2023/2023-U8-girls.html	2
202401	/about/	2
202401	/coachreg/	2
202401	/faq/	2
202401	/refs/training/	2
202401	/schedules/2023/2023-U6-coed.html	2
202402	/2023/05/17/registration-open.html	2
202402	/coaches/	2
202402	/faq/	2
202402	/rules/	2
202402	/schedules/2023/2023-U10-boys.html	2
202402	/schedules/2023/2023-U8-boys.html	2
202402	/schedules/2023/2023-U8-girls.html	2
202403	/2023/06/29/season-kickoff-party.html	2
202403	/2023/09/01/season-start.html	2
202404	/coaches/	2
202404	/news/	2
202404	/schedules/2023/2023-U10-boys.html	2
202404	/schedules/2023/2023-U12-boys.html	2
202405	/faq/	2
202405	/rules/	2
202406	/2023/06/29/season-kickoff-party.html	2
202406	/2023/08/12/signups-still-open.html	2
202406	/faq/	2
202406	/parents/	2
202406	/schedules/2023/2023-U8-boys.html	2
202407	/about/	2
202407	/schedules/2023/2023-U10-boys.html	2
202407	/schedules/2023/2023-U12-boys.html	2
202407	/schedules/2023/2023-U6-coed.html	2
202408	/2023/05/17/registration-open.html	2
202408	/2023/06/29/season-kickoff-party.html	2
202408	/2023/08/12/signups-still-open.html	2
202408	/schedules/2022/2022-U16-coed.html	2
202408	/schedules/2022/2022-U8-boys.html	2
202408	/schedules/2023/2023-U10-boys.html	2
202408	/schedules/2023/2023-U10-girls.html	2
202409	/pictures/	2
202409	/refs/training/	2
202409	/schedules/2022/2022-09-17.html	2
202409	/schedules/2022/2022-U5-coed.html	2
202409	/schedules/2022/2022-U8-boys.html	2
202409	/schedules/2024/MAYSL-2024-U12	2
202409	/tags/	2
202410	/2024/	2
202410	/coachreg/	2
202410	/pictures/	2
202410	/tags/	2
202411	/news/	2
202411	/schedules/2022/2022-U8-boys.html	2
202412	/2024/09/12/starting-day-schedule.html	2
202412	/faq/	2
202412	/news/	2
202412	/schedules/2024/2024-09-14.html	2
202501	/2024/09/19/season-schedules-posted.html	2
202501	/faq/	2
202501	/news/	2
202501	/parents/	2
202502	/about/	2
202502	/coaches/	2
202503	/2024/09/19/season-schedules-posted.html	2
202503	/about/	2
202504	/schedules/2024/2024-U12-girls.html	2
202505	/2024/09/19/season-schedules-posted.html	2
202505	/refs/	2
202505	/refs/training/	2
202505	/schedules/	2
202505	/schedules/2024/2024-U12-girls.html	2
202505	/schedules/2024/2024-U8-girls.html	2
202506	/2024/09/12/starting-day-schedule.html	2
202506	/2024/09/19/season-schedules-posted.html	2
202506	/coaches/	2
202506	/rules/	2
202506	/schedules/2024/2024-U10-boys.html	2
202506	/schedules/2024/2024-U12-girls.html	2
202506	/schedules/2024/2024-U5-coed.html	2
202506	/schedules/2024/2024-U8-girls.html	2
202507	/2024/07/24/season-start.html	2
202507	/2024/09/19/season-schedules-posted.html	2
202507	/schedules/2024/2024-09-14.html	2
202507	/schedules/2024/2024-U8-boys.html	2
202507	/tags/	2
202508	/schedules/2023/2023-U6-coed.html	2
202509	/schedules/2022/2022-09-17.html	2
202509	/schedules/2023/2023-U10-boys.html	2
202509	/schedules/2024/game-days.html	2
202510	/2025/	2
202510	/parents/	2
202510	/schedules/2023/2023-U16-coed.html	2
202510	/schedules/2024/2024-U12-boys.html	2
202510	/schedules/2024/2024-U6-coed.html	2
202510	/schedules/2024/2024-U8-girls.html	2
202511	/2022/08/21/last-call.html	2
202511	/2024/09/19/season-schedules-posted.html	2
202511	/schedules	2
202511	/schedules/2023/2023-U16-coed.html	2
202511	/schedules/2023/2023-U6-coed.html	2
202511	/schedules/2024/2024-U15-coed.html	2
202511	/schedules/2024/2024-U8-boys.html	2
202512	/2024/09/19/season-schedules-posted.html	2
202512	/2025/02/10/spring-soccer.html	2
202512	/ref-training	2
202512	/schedules	2
202512	/schedules/2024/2024-U12-girls.html	2
202512	/schedules/2024/game-days.html	2
202512	/schedules/2025/U10-boys.html	2
202512	/schedules/2025/U12-girls.html	2
202601	/1	2
202601	/10	2
202601	/15	2
202601	/2022/09/15/starting-day-schedule.html	2
202601	/2022/10/15/picture-day.html	2
202601	/2025/07/31/season-start.html	2
202601	/3	2
202601	/6	2
202601	/7	2
202601	/8	2
202601	/9	2
202601	/schedules/2022/2022-U13-boys.html	2
202601	/schedules/2023/2023-U10-boys.html	2
202601	/schedules/2023/2023-U6-coed.html	2
202601	/schedules/2024/2024-U10-girls.html	2
202601	/schedules/2024/2024-U6-coed.html	2
202602	/18	2
202602	/schedules	2
202603	/adult/2026/	2
202603	/adult/}	2
202603	/pictures/	2
202603	/refs/training/	2
202603	/schedules/2022/2022-U10-girls.html	2
202603	/schedules/2022/2022-U13-boys.html	2
202603	/schedules/2023/2023-U10-girls.html	2
202603	/schedules/2023/2023-U12-girls.html	2
202603	/schedules/2024/2024-U8-boys.html	2
202604	/2022/08/18/refs.html	2
202604	/2022/09/08/practices-open.html	2
202604	/2022/10/15/picture-day.html	2
202604	/2023/06/29/season-kickoff-party.html	2
202604	/2023/08/12/signups-still-open.html	2
202604	/2023/09/01/season-start.html	2
202604	/2024/04/24/refs.html	2
202604	/2024/07/24/season-start.html	2
202604	/adult/2026/	2
202604	/parents/	2
202604	/refs/training/	2
202604	/schedules/2022/2022-09-17.html	2
202604	/schedules/2022/2022-U10-girls.html	2
202604	/schedules/2022/2022-U5-coed.html	2
202604	/schedules/2023/2023-U10-boys.html	2
202604	/schedules/2023/2023-U6-coed.html	2
202604	/schedules/2024/2024-U10-boys.html	2
202604	/schedules/2025/U10-girls.html	2
202604	/schedules/2025/U12-boys.html	2
202604	/tags/	2
202605	/2022/09/20/season-schedules-posted.html	2
202605	/2022/09/21/birth-certificates.html	2
202605	/2024/04/24/refs.html	2
202605	/adult/2026/	2
202605	/pictures/	2
202605	/refs/	2
202605	/resources/	2
202605	/schedules/2025/U8-boys.html	2
202605	/staff	2
202605	/tags/	2
202606	/19	2
202606	/2025/12/02/adult-soccer-signups.html	2
202606	/28	2
202606	/schedules/2022/2022-U13-boys.html	2
202606	/schedules/2024/2024-U6-coed.html	2
202606	/schedules/2024/2024-U8-boys.html	2
202606	/schedules/2024/2024-U8-girls.html	2
202607	/2025/07/25/refs.html	2
202607	/2026/07/02/fall-signups-open.…	2
202607	/schedules/2023/2023-U12-boys.html	2
202608	/schedules/	2
202608	/schedules/2025/U5-coed.html	2
202210	/updates/	1
202211	/2022/07/01/season-signups.html	1
202211	/2022/08/21/last-call.html	1
202211	/2022/09/01/season-start.html	1
202211	/2022/09/03/starting-soon.html	1
202211	/pictures/	1
202211	/tags/	1
202212	/2022/11/02/picture-makeups.md.html	1
202212	/refs/	1
202212	/schedules/2022/2022-U10-boys.html	1
202212	/schedules/2022/2022-U10-girls.html	1
202212	/schedules/2022/2022-U16-coed.html	1
202301	/2022/09/03/starting-soon.html	1
202301	/rules/	1
202301	/schedules/2022/2022-U8-girls.html	1
202302	/2022/07/01/season-signups.html	1
202302	/about/	1
202302	/coaches/	1
202302	/contact/	1
202302	/schedules/2022/2022-U16-coed.html	1
202303	/about/	1
202303	/coaches/	1
202303	/schedules/	1
202304	/news/	1
202304	/schedules/2022/2022-U10-girls.html	1
202304	/schedules/2022/2022-U13-girls.html	1
202304	/schedules/2022/2022-U5-coed.html	1
202304	/schedules/2022/2022-U8-boys.html	1
202304	/schedules/2022/2022-U8-girls.html	1
202305	/2022/08/21/last-call.html	1
202305	/2022/09/15/starting-day-schedule.html	1
202305	/2022/09/20/season-schedules-posted.html	1
202305	/coaches/	1
202305	/rules/	1
202305	/schedules/2022/2022-U10-girls.html	1
202305	/schedules/2022/2022-U5-coed.html	1
202305	/schedules/2022/2022-U8-girls.html	1
202306	/2022/07/01/season-signups.html	1
202306	/2022/09/15/starting-day-schedule.html	1
202306	/about/	1
202306	/schedules/2022/2022-U10-girls.html	1
202306	/schedules/2022/2022-U8-boys.html	1
202307	/2022/07/01/season-signups.html	1
202307	/2022/10/15/picture-day.html	1
202307	/schedules/2022/2022-U16-coed.html	1
202308	/2022/09/01/season-start.html	1
202308	/2022/09/15/starting-day-schedule.html	1
202308	/2022/10/15/picture-day.html	1
202308	/2022/11/02/picture-makeups.md.html	1
202308	/files/calnorth-livescan-s0ss.pdf	1
202308	/resources/	1
202308	/schedules/2023/2023-U10-boys.html	1
202308	/tags/	1
202309	/2022/07/01/season-signups.html	1
202309	/2022/08/18/refs.html	1
202309	/COACHES/	1
202309	/schedules/2023/2023-U12-boys	1
202309	/schedules/2023/2023-U5-coed.html	1
202309	/updates/	1
202310	/2022/07/01/season-signups.html	1
202310	/2022/11/02/picture-makeups.md.html	1
202310	/2023/05/17/registration-open.html	1
202310	/2023/08/12/signups-still-open.html	1
202310	/schedules/	1
202310	/schedules/2022/2022-U8-girls.html	1
202311	/2022/08/18/refs.html	1
202311	/2022/09/20/season-schedules-posted.html	1
202311	/2022/11/02/picture-makeups.md.html	1
202311	/2023/08/12/	1
202311	/2023/09/01/season-start.html	1
202311	/about/	1
202311	/schedules/2022/2022-U13-boys.html	1
202311	/schedules/2022/2022-U16-coed.html	1
202312	/2023/05/17/registration-open.html	1
202312	/2023/06/29/season-kickoff-party.html	1
202312	/2023/09/01/season-start.html	1
202312	/about/	1
202312	/parents/	1
202312	/schedules/2022/2022-09-17.html	1
202312	/schedules/2023/2023-U12-boys.html	1
202312	/schedules/2023/2023-U16-coed.html	1
202312	/schedules/2023/2023-U6-coed.html	1
202401	/2022/09/03/starting-soon.html	1
202401	/2023/05/17/registration-open.html	1
202401	/2023/06/29/season-kickoff-party.html	1
202401	/coaches/	1
202401	/contact/	1
202401	/parents/	1
202401	/rules/	1
202401	/schedules/2023/2023-U16-coed.html	1
202402	/2022/07/01/season-signups.html	1
202402	/coachreg/	1
202402	/refs/training/	1
202402	/schedules/	1
202402	/schedules/2023/2023-U6-coed.html	1
202403	/2022/09/01/season-start.html	1
202403	/2022/09/20/season-schedules-posted.html	1
202403	/2023/10/14/picture-day.html	1
202403	/about/	1
202403	/contact/	1
202403	/refs/training/	1
202403	/schedules/2023/2023-U12-boys.html	1
202403	/schedules/2023/2023-U12-girls.html	1
202403	/schedules/2023/2023-U8-boys.html	1
202404	/2022/07/01/season-signups.html	1
202404	/2022/09/03/starting-soon.html	1
202404	/2023/06/29/season-kickoff-party.html	1
202404	/2023/08/12/signups-still-open.html	1
202404	/2023/09/01/season-start.html	1
202404	/about/	1
202404	/parents/	1
202404	/refs/	1
202404	/schedules/	1
202404	/schedules/2022/2022-U8-boys.html	1
202404	/schedules/2023/2023-U16-coed.html	1
202405	/2023/05/17/registration-open.html	1
202405	/2023/06/29/season-kickoff-party.html	1
202405	/schedules/2023/2023-U16-coed.html	1
202405	/schedules/2023/2023-U8-boys.html	1
202406	/2024/	1
202406	/about/	1
202406	/rules/	1
202406	/schedules/2022/2022-U13-boys.html	1
202406	/schedules/2022/2022-U8-boys.html	1
202406	/schedules/2023/2023-U10-boys.html	1
202406	/schedules/2023/2023-U10-girls.html	1
202406	/schedules/2023/2023-U12-boys.html	1
202406	/schedules/2023/2023-U6-coed.html	1
202407	/2022/07/01/season-signups.html	1
202407	/2023/06/29/season-kickoff-party.html	1
202407	/2023/09/01/season-start.html	1
202407	/parents/	1
202407	/refs/	1
202407	/refs/training/	1
202407	/schedules/2022/2022-U8-boys.html	1
202407	/schedules/2023/2023-U10-girls.html	1
202408	/coacheds	1
202408	/refs/	1
202408	/register/	1
202408	/register/ Open	1
202408	/resources/	1
202408	/schedules/2022/2022-09-17.html	1
202408	/schedules/2022/2022-U10-boys.html	1
202408	/schedules/2022/2022-U13-boys.html	1
202408	/schedules/2022/2022-U13-girls.html	1
202408	/schedules/2022/2022-U5-coed.html	1
202408	/schedules/2022/2022-U6-coed.html	1
202408	/tags/	1
202409	/2023/09/01/season-start.html	1
202409	/2023/10/14/picture-day.html	1
202409	/2024/04/24/refs.html	1
202409	/parents/	1
202409	/refs/	1
202409	/schedules/2022/2022-U13-girls.html	1
202409	/schedules/2022/2022-U16-coed.html	1
202409	/schedules/2024/MAYSL-2023-U6-clinic.pdf	1
202409	/schedules/2024/MAYSL-2024-U6-c	1
202410	/2023/10/14/picture-day.html	1
202410	/about/	1
202410	/schedules/2022/2022-U8-boys.html	1
202410	/schedules/2023/2023-U12-boys.html	1
202410	/schedules/2023/2023-U8-boys.html	1
202410	/schedules/2024/	1
202411	/2023/10/14/picture-day.html	1
202411	/2024/	1
202411	/2024/04/24/refs.html	1
202411	/schedules/2022/2022-U10-boys.html	1
202411	/schedules/2023/2023-U10-girls.html	1
202411	/schedules/2023/2023-U8-girls.html	1
202411	/schedules/2024/MAYSL-2024-U12-…”	1
202412	/2022/10/15/picture-day.html	1
202412	/2023/10/14/picture-day.html	1
202412	/2024/04/24/refs.html	1
202412	/pictures/	1
202412	/registration/	1
202412	/schedules/2023/2023-U12-boys.html	1
202412	/schedules/2024/2024-U12-boys.html	1
202412	/tags/	1
202501	/2024/04/24/refs.html	1
202501	/refs/training/	1
202501	/schedules/2024/2024-U10-boys.html	1
202501	/schedules/2024/2024-U12-girls.html	1
202501	/schedules/2024/2024-U15-coed.html	1
202501	/schedules/2024/2024-U5-coed.html	1
202501	/schedules/2024/game-days.html	1
202502	/2022/10/15/picture-day.html	1
202502	/2024/09/19/season-schedules-posted.html	1
202502	/2025/02/10/Spring-soccer.html	1
202502	/resources/	1
202502	/rules/	1
202502	/schedules/2024/2024-U10-boys.html	1
202502	/schedules/2024/2024-U10-girls.html	1
202502	/schedules/2024/2024-U12-boys.html	1
202502	/schedules/2024/2024-U6-coed.html	1
202502	/schedules/2024/2024-U8-girls.html	1
202503	/contact/	1
202503	/faq/	1
202503	/news/	1
202503	/resources/	1
202503	/schedules/	1
202503	/schedules/2023/2023-U8-girls.html	1
202503	/schedules/2024/2024-09-14.html	1
202503	/schedules/2024/2024-U10-boys.html	1
202503	/schedules/2024/2024-U12-boys.html	1
202503	/schedules/2024/2024-U15-coed.html	1
202503	/schedules/2024/2024-U8-girls.html	1
202503	/schedules/2024/game-days.html	1
202504	/2024/09/12/starting-day-schedule.html	1
202504	/2024/09/19/season-schedules-posted.html	1
202504	/resources/	1
202504	/schedules/2024/2024-U10-boys.html	1
202504	/schedules/2024/2024-U15-coed.html	1
202504	/schedules/2024/2024-U5-coed.html	1
202504	/schedules/2024/2024-U6-coed.html	1
202504	/schedules/2024/2024-U8-boys.html	1
202504	/schedules/2024/2024-U8-girls.html	1
202505	/2024/09/12/starting-day-schedule.html	1
202505	/parents/	1
202505	/pictures/	1
202505	/resources/	1
202505	/schedules/2022/2022-09-17.html	1
202505	/schedules/2022/2022-U10-boys.html	1
202505	/schedules/2022/2022-U10-girls.html	1
202505	/schedules/2022/2022-U13-boys.html	1
202505	/schedules/2022/2022-U13-girls.html	1
202505	/schedules/2022/2022-U16-coed.html	1
202505	/schedules/2022/2022-U5-coed.html	1
202505	/schedules/2022/2022-U6-coed.html	1
202505	/schedules/2022/2022-U8-boys.html	1
202505	/schedules/2022/2022-U8-girls.html	1
202505	/schedules/2023/2023-U10-boys.html	1
202505	/schedules/2023/2023-U10-girls.html	1
202505	/schedules/2023/2023-U12-boys.html	1
202505	/schedules/2023/2023-U12-girls.html	1
202505	/schedules/2023/2023-U16-coed.html	1
202505	/schedules/2023/2023-U6-coed.html	1
202505	/schedules/2023/2023-U8-boys.html	1
202505	/schedules/2023/2023-U8-girls.html	1
202505	/schedules/2024/2024-U10-boys.html	1
202505	/schedules/2024/2024-U10-girls.html	1
202505	/schedules/2024/2024-U12-boys.html	1
202505	/schedules/2024/2024-U8-boys.html	1
202505	/schedules/2024/game-days.html	1
202505	/tags/	1
202506	/2022/09/03/starting-soon.html	1
202506	/2023/05/17/registration-open.html	1
202506	/2024/04/24/refs.html	1
202506	/about/There	1
202506	/contact/	1
202506	/schedules/2024/2024-U10-girls.html	1
202506	/schedules/2024/2024-U6-coed.html	1
202506	/schedules/2024/2024-U8-boys.html	1
202507	/2024/	1
202507	/2024/04/24/refs.html	1
202507	/2025/07/31/season-start.html	1
202507	/league-age	1
202507	/refs/training/	1
202507	/resources/	1
202507	/volunteer	1
202508	/coachreq/	1
202508	/coachreqs	1
202508	/fields	1
202508	/pictures/	1
202508	/refs/training/	1
202508	/resources/	1
202508	/schedules/2024/2024-U12-boys.html	1
202508	/schedules/2024/2024-U15-coed.html	1
202508	/schedules/2024/2024-U8-boys.html	1
202509	/2023/10/14/picture-day.html	1
202509	/2024/07/24/season-start.html	1
202509	/coacheeg	1
202509	/schedules/2022/2022-U10-boys.html	1
202509	/schedules/2022/2022-U6-coed.html	1
202509	/schedules/2024/2024-U12-girls.html	1
202509	/schedules/u6	1
202509	/schedules/u8	1
202510	/11	1
202510	/2024/09/19/season-schedules-posted.html	1
202510	/refs/training/	1
202510	/schedules/2022/2022-09-17.html	1
202510	/schedules/2022/2022-U10-boys.html	1
202510	/schedules/2022/2022-U10-girls.html	1
202510	/schedules/2022/2022-U13-boys.html	1
202510	/schedules/2022/2022-U13-girls.html	1
202510	/schedules/2022/2022-U16-coed.html	1
202510	/schedules/2022/2022-U5-coed.html	1
202510	/schedules/2022/2022-U6-coed.html	1
202510	/schedules/2022/2022-U8-boys.html	1
202510	/schedules/2022/2022-U8-girls.html	1
202510	/schedules/2023/2023-U10-boys.html	1
202510	/schedules/2023/2023-U10-girls.html	1
202510	/schedules/2023/2023-U12-boys.html	1
202510	/schedules/2023/2023-U12-girls.html	1
202510	/schedules/2023/2023-U8-boys.html	1
202510	/schedules/2023/2023-U8-girls.html	1
202510	/schedules/2024/2024-U10-boys.html	1
202510	/schedules/2024/2024-U10-girls.html	1
202510	/schedules/2024/2024-U12-girls.html	1
202511	/2025/	1
202511	/2025/02/10/spring-soccer.html	1
202511	/2025/07/25/refs.html	1
202511	/schedules/2022/2022-U16-coed.html	1
202511	/schedules/2023/2023-U10-boys.html	1
202511	/schedules/2023/2023-U8-girls.html	1
202511	/schedules/2024/2024-U10-boys.html	1
202511	/schedules/2024/2024-U5-coed.html	1
202511	/schedules/2024/2024-U6-coed.html	1
202512	/2022/08/21/last-call.html	1
202512	/2022/10/15/picture-day.html	1
202512	/adult.	1
202512	/parents/	1
202512	/schedules/	1
202512	/schedules/2022/2022-09-17.html	1
202512	/schedules/2022/2022-U13-girls.html	1
202512	/schedules/2022/2022-U16-coed.html	1
202512	/schedules/2022/2022-U6-coed.html	1
202512	/schedules/2022/2022-U8-boys.html	1
202512	/schedules/2022/2022-U8-girls.html	1
202512	/schedules/2024/2024-U10-girls.html	1
202512	/schedules/2024/2024-U12-boys.html	1
202512	/schedules/2024/2024-U8-boys.html	1
202512	/schedules/2024/2024-U8-girls.html	1
202512	/schedules/2025/U10-girls.html	1
202512	/schedules/2025/U15-coed.html	1
202512	/schedules/2025/U5-coed.html	1
202512	/schedules/2025/U6-coed.html	1
202512	/schedules/2025/U8-boys.html	1
202512	/schedules/2025/U8-girls.html	1
202601	/07	1
202601	/12	1
202601	/2	1
202601	/2022/08/21/last-call.html	1
202601	/2022/09/20/season-schedules-posted.html	1
202601	/2023/05/17/registration-open.html	1
202601	/2023/06/29/season-kickoff-party.html	1
202601	/2023/08/12/signups-still-open.html	1
202601	/2023/09/01/season-start.html	1
202601	/21	1
202601	/24	1
202601	/25	1
202601	/31	1
202601	/4	1
202601	/5	1
202601	/a/adult	1
202601	/donate/	1
202601	/parents/	1
202601	/schedules	1
202601	/schedules/	1
202601	/schedules/2022/2022-U10-boys.html	1
202601	/schedules/2022/2022-U10-girls.html	1
202601	/schedules/2023/2023-U12-boys.html	1
202601	/schedules/2023/2023-U16-coed.html	1
202601	/schedules/2024/2024-U8-girls.html	1
202601	/schedules/2025/U12-boys.html	1
202601	/schedules/2025/U15-coed.html	1
202601	/schedules/2025/U8-boys.html	1
202601	/schedules/2025/U8-girls.html	1
202601	/soccer	1
202602	/17	1
202602	/2	1
202602	/2022/09/01/season-start.html	1
202602	/25	1
202602	/31	1
202602	/coachrega	1
202602	/pictures/	1
202602	/refs/	1
202602	/schedules/	1
202602	/schedules/2024/2024-U12-girls.html	1
202602	/schedules/2025/U10-boys.html	1
202602	/schedules/2025/U6-coed.html	1
202602	/tags/	1
202602	/volunteer	1
202602	/volunteers	1
202602	/volunteers/	1
202603	/2022/09/03/starting-soon.html	1
202603	/2023/08/12/signups-still-open.html	1
202603	/2023/09/01/season-start.html	1
202603	/2023/10/14/picture-day.html	1
202603	/coachreg/	1
202603	/donate/	1
202603	/give/	1
202603	/parents/	1
202603	/resources/	1
202603	/schedules/	1
202603	/schedules/2022/2022-09-17.html	1
202603	/schedules/2022/2022-U10-boys.html	1
202603	/schedules/2023/2023-U10-boys.html	1
202603	/schedules/2023/2023-U16-coed.html	1
202603	/schedules/2023/2023-U8-girls.html	1
202603	/schedules/2024/2024-U10-boys.html	1
202603	/schedules/2024/2024-U10-girls.html	1
202603	/schedules/2024/2024-U12-boys.html	1
202603	/schedules/2024/2024-U8-girls.html	1
202603	/schedules/2025/U10-boys.html	1
202603	/schedules/2025/U10-girls.html	1
202603	/schedules/2025/U5-coed.html	1
202603	/schedules/2025/U6-coed.html	1
202604	/01	1
202604	/03	1
202604	/05	1
202604	/06	1
202604	/07	1
202604	/08	1
202604	/09	1
202604	/1	1
202604	/12	1
202604	/14	1
202604	/2022/07/01/season-signups.html	1
202604	/2022/08/21/last-call.html	1
202604	/2022/09/01/season-start.html	1
202604	/2022/09/03/starting-soon.html	1
202604	/2022/09/15/starting-day-schedule.html	1
202604	/2023/05/17/registration-open.html	1
202604	/2023/10/14/picture-day.html	1
202604	/2024/09/12/starting-day-schedule.html	1
202604	/2025/02/10/spring-soccer.html	1
202604	/24	1
202604	/schedules/	1
202604	/schedules/2022/2022-U10-boys.html	1
202604	/schedules/2022/2022-U13-boys.html	1
202604	/schedules/2023/2023-U12-girls.html	1
202604	/schedules/2023/2023-U8-boys.html	1
202604	/schedules/2023/2023-U8-girls.html	1
202604	/schedules/2024/2024-09-14.html	1
202604	/schedules/2024/2024-U10-girls.html	1
202604	/schedules/2024/2024-U12-boys.html	1
202604	/schedules/2024/2024-U15-coed.html	1
202604	/schedules/2025/U12-girls.html	1
202604	/schedules/2025/U5-coed.html	1
202604	/schedules/2025/U8-boys.html	1
202605	/01	1
202605	/05	1
202605	/06	1
202605	/08	1
202605	/09	1
202605	/14	1
202605	/17	1
202605	/2022/10/15/picture-day.html	1
202605	/2023/	1
202605	/2023/06/29/season-kickoff-party.html	1
202605	/2023/08/12/signups-still-open.html	1
202605	/2023/09/01/season-start.html	1
202605	/2024/07/24/season-start.html	1
202605	/2024/09/12/starting-day-schedule.html	1
202605	/2026/	1
202605	/28	1
202605	/about-us	1
202605	/board	1
202605	/board-of-directors	1
202605	/contact-us	1
202605	/contactus	1
202605	/info	1
202605	/leadership	1
202605	/officers	1
202605	/parents/	1
202605	/schedules/	1
202605	/schedules/2025/U10-boys.html	1
202605	/schedules/2025/U12-boys.html	1
202605	/sponsors	1
202605	/sponsorship	1
202606	/2023/09/01/season-start.html	1
202606	/2024/04/24/refs.html	1
202606	/2024/07/24/season-start.html	1
202606	/2024/09/12/starting-day-schedule.html	1
202606	/2026/	1
202606	/refs/	1
202606	/refs/training/	1
202606	/schedules/	1
202606	/schedules/2022/2022-09-17.html	1
202606	/schedules/2022/2022-U10-girls.html	1
202606	/schedules/2022/2022-U5-coed.html	1
202606	/schedules/2023/2023-U10-boys.html	1
202606	/schedules/2023/2023-U12-boys.html	1
202606	/schedules/2023/2023-U16-coed.html	1
202606	/schedules/2023/2023-U8-boys.html	1
202606	/schedules/2024/2024-U10-boys.html	1
202606	/schedules/2024/2024-U5-coed.html	1
202607	/02	1
202607	/adult/2026/	1
202607	/adult/}	1
202607	/schedules/2023/2023-U8-boys.html	1
202607	/schedules/2024/2024-U10-boys.html	1
202607	/schedules/2024/2024-U12-boys.html	1
202607	/schedules/2025/U15-coed.html	1
202607	/tags/	1
202608	/adult/2026/	1
202608	/resources/	1
202608	/schedules/2022/2022-U5-coed.html	1
202608	/schedules/2023/2023-U12-boys.html	1
202608	/schedules/2024/2024-U8-boys.html	1
202608	/schedules/2025/U10-boys.html	1
202608	/schedules/2025/U10-girls.html	1
202608	/schedules/2025/U12-boys.html	1
202608	/schedules/2025/U15-coed.html	1
202608	/tags/	1
